explanation_id,prompt_id,topic,source_type,source_name,source_url,model_name,generation_prompt,explanation_text,word_count,annotation_status,second_annotation_status,physics_flag,notes,batch
H_M01_1,M01,Mechanics,human,OpenStax / MIT OCW,https://openstax.org/books/college-physics-2e/pages/6-2-centripetal-acceleration,,,"Acceleration is defined as any change in velocity, and velocity includes both speed and direction. Even when an object moves in a circle at a constant speed, its direction changes continuously. At every point on the path, the velocity vector points in a new direction, tangent to the circle. Because the direction changes, the velocity changes, which means the object is accelerating. This acceleration points inward toward the center of the circle and is called centripetal acceleration. By Newton’s second law, a net inward force must act to produce this acceleration, whether from tension, gravity, or friction.",97,done,done,OK,human benchmark,legacy_60
H_M02_1,M02,Mechanics,human,OpenStax,https://openstax.org/books/college-physics-2e/pages/2-7-falling-objects,,,"In free fall without air resistance, all objects accelerate downward at the same rate regardless of mass. A heavier object does experience a larger gravitational force, but it also has proportionally greater inertia. Newton’s second law says acceleration equals force divided by mass. Since gravity provides a force equal to mass times g, the mass cancels out, leaving the same acceleration for all objects. This means a hammer and a feather would fall together in a vacuum. The differences we see in everyday life come from air resistance, not from mass itself.",92,done,done,OK,human benchmark,legacy_60
H_M03_1,M03,Mechanics,human,OpenStax,https://openstax.org/books/university-physics-volume-1/pages/5-2-newtons-first-law,,,"When a car suddenly accelerates forward, your body tends to remain at rest because of inertia. Newton’s first law says an object will stay at rest or keep moving at constant velocity unless acted on by a net external force. The seat pushes your body forward, but your body initially resists that change. This makes it feel as though you are being pushed backward into the seat. In reality, there is no backward force acting on you. The sensation comes from your body resisting the forward acceleration and adjusting to the car’s new motion.",94,done,,OK,human benchmark,legacy_60
H_M04_1,M04,Mechanics,human,OpenStax,https://openstax.org/books/college-physics-2e/pages/8-2-impulse,,,"A seatbelt reduces injury because it increases the time over which your momentum changes during a sudden stop. The impulse-momentum theorem says that force times time equals the change in momentum. In a crash, your body must go from moving at car speed to rest either way. If that happens in a very short time, the force is extremely large. A seatbelt stretches slightly and spreads the stopping process over a longer time, reducing the peak force on your body. It also keeps you from hitting the dashboard or windshield, which greatly lowers injury risk.",95,done,,OK,human benchmark,legacy_60
H_M05_1,M05,Mechanics,human,OpenStax,https://openstax.org/books/physics/pages/8-1-linear-momentum-force-and-impulse,,,"A truck is harder to stop than a bicycle moving at the same speed because the truck has much more momentum. Momentum equals mass times velocity, so even at the same speed, the truck’s much larger mass gives it far greater momentum. To stop a moving object, you must reduce its momentum to zero, which requires an impulse. A larger momentum means you need more force, more time, or both to stop it. This is why trucks need stronger brakes and longer stopping distances. Greater mass also means greater inertia, which makes the truck resist changes in motion more strongly.",100,done,,OK,human benchmark,legacy_60
H_M06_1,M06,Mechanics,human,OpenStax,https://openstax.org/books/university-physics-volume-1/pages/5-5-newtons-third-law,,,"A person standing still on ice still exerts a force on the surface because forces always come in pairs. Your weight pulls downward due to gravity, so you push down on the ice. According to Newton’s third law, the ice pushes upward on you with an equal and opposite normal force. These two forces do not cancel because they act on different objects: one acts on you, and one acts on the ice. Even when you are standing still, you are continuously exerting force downward on the surface beneath you simply by making contact with it.",96,done,,OK,human benchmark,legacy_60
H_M07_1,M07,Mechanics,human,OpenStax,https://openstax.org/books/university-physics-volume-1/pages/6-2-friction,,,"Friction does not always oppose motion itself; it opposes relative slipping between surfaces. When you walk, your foot pushes backward against the ground. Static friction from the ground then pushes you forward, allowing you to move. Without friction, your feet would slip and you could not walk effectively. The same idea explains how cars accelerate and turn: tires push against the road, and friction provides the forward or sideways force needed. Friction only directly resists motion when surfaces slide past each other. In many everyday situations, friction is what makes controlled motion possible.",93,done,,OK,human benchmark,legacy_60
H_M08_1,M08,Mechanics,human,OpenStax,https://openstax.org/books/university-physics-volume-1/pages/5-5-newtons-third-law,,,"A rocket accelerates in space by pushing exhaust gases backward at high speed. By Newton’s third law, every action force has an equal and opposite reaction force. The rocket engine burns fuel and expels hot gas out of the nozzle. As the rocket pushes the gas backward, the gas pushes the rocket forward with an equal and opposite force called thrust. A rocket does not need air to push against because it carries its own fuel and propellant. This is why rockets work in the vacuum of space and can maneuver far from Earth’s atmosphere.",95,done,,OK,human benchmark,legacy_60
H_E01_1,E01,Electricity & Magnetism,human,OpenStax,https://openstax.org/books/college-physics-2e/pages/20-2-ohms-law-resistance-and-simple-circuits,,,"Ohm’s law says current equals voltage divided by resistance. In a simple circuit with a fixed battery voltage, increasing resistance reduces current. Resistance makes it harder for electric charge to move through a material, so fewer charges pass a point each second. You can think of it like water flowing through a pipe: narrowing the pipe makes it harder for water to flow. A resistor does not block charge completely; it limits the flow and converts some electrical energy into heat or light. This is why adding more resistance in series lowers the total current in the circuit.",98,done,done,OK,human benchmark,legacy_60
H_E02_1,E02,Electricity & Magnetism,human,OpenStax,https://openstax.org/books/college-physics-2e/pages/21-2-electromotive-force-terminal-voltage,,,"A battery stores chemical potential energy and converts it into electrical energy through chemical reactions. When the circuit is closed, these reactions move charge and maintain a voltage difference between the battery terminals. As current flows, the reactants inside the battery are gradually used up. Over time, the battery can no longer sustain the same chemical reactions, so the voltage drops and the battery eventually runs out. Some energy is also lost as heat because of the battery’s internal resistance. Rechargeable batteries work by reversing the chemical reactions using an external power source to restore the stored energy.",98,done,,OK,human benchmark,legacy_60
H_E03_1,E03,Electricity & Magnetism,human,OpenStax,https://openstax.org/books/college-physics-2e/pages/18-7-conductors-and-electric-fields-in-static-equilibrium,,,"A spark happens when excess electric charge builds up and creates a strong electric field across a small gap of air. Air is normally an insulator, but if the electric field becomes strong enough, it can ionize the air molecules. This strips electrons from atoms and makes the air temporarily conductive. The stored charge then suddenly rushes across the gap as a brief electric current, producing a spark, a flash of light, and a snapping sound. Static electricity from walking on carpet often causes this effect. Lightning is the same basic process, but on a much larger scale in the atmosphere.",101,done,,OK,human benchmark,legacy_60
H_E04_1,E04,Electricity & Magnetism,human,OpenStax,https://openstax.org/books/college-physics-2e/pages/22-3-magnetic-fields-and-magnetic-field-lines,,,"A compass needle is a small bar magnet that can rotate freely. Earth behaves like a giant magnet and produces a magnetic field around the planet. When the compass is placed in this field, the needle experiences a torque that causes it to rotate. The needle aligns itself with the magnetic field lines because that is the most stable orientation. This makes the needle point roughly north-south. The compass works because magnetic fields exert forces and torques on other magnets. That simple interaction makes the compass a reliable tool for navigation.",91,done,,OK,human benchmark,legacy_60
H_E05_1,E05,Electricity & Magnetism,human,OpenStax,https://openstax.org/books/university-physics-volume-2/pages/13-1-faradays-law,,,"A changing magnetic field through a wire loop changes the magnetic flux through the loop. Faraday’s law says that a changing magnetic flux induces an electromotive force, which is like a voltage around the loop. If the loop is made of conducting wire, this induced voltage drives a current. A steady magnetic field, even a strong one, does not create current by itself. Only change matters. This principle is used in electric generators, transformers, induction stoves, and wireless chargers. Changing magnetic fields are one of the main ways electricity can be produced without direct contact.",95,done,,OK,human benchmark,legacy_60
H_E06_1,E06,Electricity & Magnetism,human,OpenStax,https://openstax.org/books/physics/pages/19-2-series-circuits,,,"In a series circuit, there is only one path for electric charge to flow. Current is the amount of charge passing a point each second. Because charge is conserved, the same amount of charge must pass every point in the circuit in the same amount of time. If current were different in different parts of the circuit, charge would have to build up somewhere, which does not happen in a steady circuit. This is why the current is the same through every component in a series circuit, even though the voltage may change across different parts.",96,done,,OK,human benchmark,legacy_60
H_E07_1,E07,Electricity & Magnetism,human,OpenStax,https://openstax.org/books/college-physics-2e/pages/21-3-kirchhoffs-rules,,,"Voltage is electric potential energy per unit charge. As current moves through a resistor, bulb, or motor, some of that electrical energy is converted into other forms such as heat, light, or motion. That means the charge leaves the component with less energy than it had before, so the voltage drops across the component. In a complete loop, energy is conserved: the total energy supplied by the battery equals the total energy used by all the components. This is why the voltage drops across each part of a circuit add up to the battery’s total voltage.",96,done,,OK,human benchmark,legacy_60
H_E08_1,E08,Electricity & Magnetism,human,OpenStax,https://openstax.org/books/university-physics-volume-2/pages/5-2-conductors-insulators-and-charging-by-induction,,,"Two neutral objects can still attract electrically because charges inside them can shift. A nearby charged object causes the positive and negative charges in a neutral object to rearrange slightly, a process called polarization. The side closer to the charged object becomes slightly opposite in charge, while the far side becomes slightly like-charged. Because electric force gets weaker with distance, the closer attractive force is stronger than the farther repulsive force. This creates a net attraction even though the object is still overall neutral. This is why a charged balloon can stick to a wall.",95,done,,OK,human benchmark,legacy_60
H_T01_1,T01,Energy / Work / Thermo,human,OpenStax,https://openstax.org/books/university-physics-volume-1/pages/7-1-work,,,"Work in physics is defined as force times displacement times the cosine of the angle between them. Work measures how much a force transfers energy in the direction of motion. If the force is perpendicular to the displacement, the angle is 90 degrees and the cosine is zero. That means no energy is transferred in the direction the object moves, so the work is zero. For example, gravity does no work on a bag carried horizontally because gravity acts downward while the bag moves sideways. A force can act on an object without doing work if it does not help move it along its path.",105,done,done,OK,human benchmark,legacy_60
H_T02_1,T02,Energy / Work / Thermo,human,OpenStax,https://openstax.org/books/college-physics-2e/pages/14-1-heat,,,"Rubbing your hands together creates friction between your skin surfaces. The mechanical work you do against friction is converted into thermal energy. On a microscopic level, friction increases the random motion of molecules in your skin, which raises the temperature. Your nerves detect this increase as warmth. This is a common example of mechanical energy turning into heat. The same principle explains why brakes get hot, why a drill bit heats up, and why sliding objects can warm up due to friction. Energy is not lost; it is simply transformed into a different form.",94,done,,OK,human benchmark,legacy_60
H_T03_1,T03,Energy / Work / Thermo,human,OpenStax,https://openstax.org/books/college-physics-2e/pages/13-4-kinetic-theory-atomic-and-molecular-explanation-of-pressure-and-temperature,,,"Temperature is related to the average kinetic energy of gas molecules. When a sealed container is heated, the gas molecules move faster on average. Faster molecules hit the walls more often and with greater force. Since the volume of the container stays fixed, the gas cannot expand to relieve the extra motion. As a result, the pressure rises. This relationship is part of the ideal gas law and explains everyday effects like rising tire pressure after driving or the danger of heating sealed aerosol cans. More energetic molecular collisions directly create higher pressure.",93,done,,OK,human benchmark,legacy_60
H_T04_1,T04,Energy / Work / Thermo,human,OpenStax,https://openstax.org/books/college-physics-2e/pages/14-1-heat,,,"A hot drink cools faster at first because the temperature difference between the drink and the surrounding air is largest initially. Heat transfer happens more quickly when this temperature difference is large. As the drink cools, the difference becomes smaller, so heat flows out more slowly. This is described by Newton’s law of cooling, which says the rate of heat loss is proportional to the temperature difference. That is why the temperature drops quickly at first and then levels off more gradually as the drink approaches room temperature.",88,done,,OK,human benchmark,legacy_60
AI_M01_1,M01,Mechanics,AI,ChatGPT,,GPT-5.3 / ChatGPT latest,"Explain this physics concept to a first-year college student in 100 words. Be conceptually precise, pedagogically clear, and avoid unnecessary jargon. Include the relevant physical principle and a simple intuitive explanation if helpful.","An object moving in a circle accelerates because acceleration means any change in velocity, and velocity includes both speed and direction. Even if the speed stays the same, the direction is constantly changing as the object moves around the circle. At every instant, the object’s velocity points in a slightly new direction. That change in direction requires an inward acceleration called centripetal acceleration. Without it, the object would move in a straight line instead. For example, when a car turns, the tires provide the inward force needed to keep changing the car’s direction, which is why turning creates acceleration.",99,done,done,,paste ChatGPT explanation here,legacy_60
AI_M01_2,M01,Mechanics,AI,Claude,,Claude Sonnet 4.6,"Explain this physics concept to a first-year college student in 100 words. Be conceptually precise, pedagogically clear, and avoid unnecessary jargon. Include the relevant physical principle and a simple intuitive explanation if helpful.","An object moving in a circle accelerates because acceleration means any change in velocity, and velocity includes both speed and direction. Even if the speed stays the same, the direction is constantly changing as the object moves around the circle. At every instant, the object’s velocity points in a slightly new direction. That change in direction requires an inward acceleration called centripetal acceleration. Without it, the object would move in a straight line instead. For example, when a car turns, the tires provide the inward force needed to keep changing the car’s direction, which is why turning creates acceleration.",99,done,done,,paste Claude explanation here,legacy_60
AI_M02_1,M02,Mechanics,AI,ChatGPT,,GPT-5.3 / ChatGPT latest,"Explain this physics concept to a first-year college student in 100 words. Be conceptually precise, pedagogically clear, and avoid unnecessary jargon. Include the relevant physical principle and a simple intuitive explanation if helpful.","In the absence of air resistance, heavier and lighter objects fall at the same rate because gravity accelerates all masses equally. A heavier object does feel a larger gravitational force, but it also has more inertia, meaning it resists changes in motion more. These two effects balance out. Newton’s second law says acceleration equals force divided by mass. Since gravitational force is proportional to mass, the mass cancels out, leaving the same acceleration for all objects. That is why, in a vacuum, a feather and a hammer dropped together fall side by side and hit the ground at the same time.",101,done,done,,paste ChatGPT explanation here,legacy_60
AI_M02_2,M02,Mechanics,AI,Claude,,Claude Sonnet 4.6,"Explain this physics concept to a first-year college student in 100 words. Be conceptually precise, pedagogically clear, and avoid unnecessary jargon. Include the relevant physical principle and a simple intuitive explanation if helpful.","In the absence of air resistance, heavier and lighter objects fall at the same rate because gravity accelerates all masses equally. A heavier object does feel a larger gravitational force, but it also has more inertia, meaning it resists changes in motion more. These two effects balance out. Newton’s second law says acceleration equals force divided by mass. Since gravitational force is proportional to mass, the mass cancels out, leaving the same acceleration for all objects. That is why, in a vacuum, a feather and a hammer dropped together fall side by side and hit the ground at the same time.",101,done,done,,paste Claude explanation here,legacy_60
AI_M03_1,M03,Mechanics,AI,ChatGPT,,GPT-5.3 / ChatGPT latest,"Explain this physics concept to a first-year college student in 100 words. Be conceptually precise, pedagogically clear, and avoid unnecessary jargon. Include the relevant physical principle and a simple intuitive explanation if helpful.","A passenger feels pushed backward when a car suddenly accelerates forward because of inertia, the tendency of objects to resist changes in motion. Before the car moves, both the passenger and the car are at rest. When the car speeds up, the seat pushes the passenger forward to make them move with the car. But the passenger’s body initially wants to stay where it was. This makes it feel like they are being pushed backward into the seat. In reality, the seat is pushing them forward. The backward feeling is just the sensation of their body resisting the car’s sudden change in speed.",103,done,,,paste ChatGPT explanation here,legacy_60
AI_M03_2,M03,Mechanics,AI,Claude,,Claude Sonnet 4.6,"Explain this physics concept to a first-year college student in 100 words. Be conceptually precise, pedagogically clear, and avoid unnecessary jargon. Include the relevant physical principle and a simple intuitive explanation if helpful.","A passenger feels pushed backward when a car suddenly accelerates forward because of inertia, the tendency of objects to resist changes in motion. Before the car moves, both the passenger and the car are at rest. When the car speeds up, the seat pushes the passenger forward to make them move with the car. But the passenger’s body initially wants to stay where it was. This makes it feel like they are being pushed backward into the seat. In reality, the seat is pushing them forward. The backward feeling is just the sensation of their body resisting the car’s sudden change in speed.",103,done,,,paste Claude explanation here,legacy_60
AI_M04_1,M04,Mechanics,AI,ChatGPT,,GPT-5.3 / ChatGPT latest,"Explain this physics concept to a first-year college student in 100 words. Be conceptually precise, pedagogically clear, and avoid unnecessary jargon. Include the relevant physical principle and a simple intuitive explanation if helpful.","A seatbelt reduces injury during a sudden stop by increasing the time over which your body comes to rest. Without a seatbelt, your body would keep moving forward at the car’s original speed because of inertia, possibly hitting the dashboard or windshield. A seatbelt applies a restraining force that slows you down more gradually. Since force depends on how quickly momentum changes, spreading the stop over a longer time reduces the force on your body. Seatbelts also keep you in the proper position so airbags can work effectively. They prevent you from being thrown forward, which greatly lowers the chance of serious injury.",103,done,,,paste ChatGPT explanation here,legacy_60
AI_M04_2,M04,Mechanics,AI,Claude,,Claude Sonnet 4.6,"Explain this physics concept to a first-year college student in 100 words. Be conceptually precise, pedagogically clear, and avoid unnecessary jargon. Include the relevant physical principle and a simple intuitive explanation if helpful.","A seatbelt reduces injury during a sudden stop by increasing the time over which your body comes to rest. Without a seatbelt, your body would keep moving forward at the car’s original speed because of inertia, possibly hitting the dashboard or windshield. A seatbelt applies a restraining force that slows you down more gradually. Since force depends on how quickly momentum changes, spreading the stop over a longer time reduces the force on your body. Seatbelts also keep you in the proper position so airbags can work effectively. They prevent you from being thrown forward, which greatly lowers the chance of serious injury.",103,done,,,paste Claude explanation here,legacy_60
AI_M05_1,M05,Mechanics,AI,ChatGPT,,GPT-5.3 / ChatGPT latest,"Explain this physics concept to a first-year college student in 100 words. Be conceptually precise, pedagogically clear, and avoid unnecessary jargon. Include the relevant physical principle and a simple intuitive explanation if helpful.","It is harder to stop a truck than a bicycle moving at the same speed because the truck has much more mass and therefore much more momentum. Momentum is the product of mass and velocity. Since both are moving at the same speed, the truck’s larger mass means it carries far more momentum. To stop it, a larger force or more stopping time is needed. The truck also has greater kinetic energy, which must be removed by brakes and friction. That is why trucks need longer stopping distances and stronger braking systems than bicycles, even when traveling at the same speed.",101,done,,,paste ChatGPT explanation here,legacy_60
AI_M05_2,M05,Mechanics,AI,Claude,,Claude Sonnet 4.6,"Explain this physics concept to a first-year college student in 100 words. Be conceptually precise, pedagogically clear, and avoid unnecessary jargon. Include the relevant physical principle and a simple intuitive explanation if helpful.","It is harder to stop a truck than a bicycle moving at the same speed because the truck has much more mass and therefore much more momentum. Momentum is the product of mass and velocity. Since both are moving at the same speed, the truck’s larger mass means it carries far more momentum. To stop it, a larger force or more stopping time is needed. The truck also has greater kinetic energy, which must be removed by brakes and friction. That is why trucks need longer stopping distances and stronger braking systems than bicycles, even when traveling at the same speed.",101,done,,,paste Claude explanation here,legacy_60
AI_M06_1,M06,Mechanics,AI,ChatGPT,,GPT-5.3 / ChatGPT latest,"Explain this physics concept to a first-year college student in 100 words. Be conceptually precise, pedagogically clear, and avoid unnecessary jargon. Include the relevant physical principle and a simple intuitive explanation if helpful.","A person standing still on ice can still exert a force on the surface because force does not require motion. Even when standing still, the person’s weight pulls downward due to gravity. This downward force pushes on the ice. According to Newton’s third law, the ice pushes back upward with an equal and opposite force called the normal force. These forces balance, so the person remains at rest. The fact that nothing moves does not mean no forces are present. It only means the forces are balanced. Standing still is actually a situation where forces are acting but canceling out.",100,done,,,paste ChatGPT explanation here,legacy_60
AI_M06_2,M06,Mechanics,AI,Claude,,Claude Sonnet 4.6,"Explain this physics concept to a first-year college student in 100 words. Be conceptually precise, pedagogically clear, and avoid unnecessary jargon. Include the relevant physical principle and a simple intuitive explanation if helpful.","A person standing still on ice can still exert a force on the surface because force does not require motion. Even when standing still, the person’s weight pulls downward due to gravity. This downward force pushes on the ice. According to Newton’s third law, the ice pushes back upward with an equal and opposite force called the normal force. These forces balance, so the person remains at rest. The fact that nothing moves does not mean no forces are present. It only means the forces are balanced. Standing still is actually a situation where forces are acting but canceling out.",100,done,,,paste Claude explanation here,legacy_60
AI_M07_1,M07,Mechanics,AI,ChatGPT,,GPT-5.3 / ChatGPT latest,"Explain this physics concept to a first-year college student in 100 words. Be conceptually precise, pedagogically clear, and avoid unnecessary jargon. Include the relevant physical principle and a simple intuitive explanation if helpful.","Friction can help motion because it provides the grip needed to push against a surface. Although friction often opposes sliding, it also prevents unwanted slipping. For example, when you walk, your foot pushes backward on the ground. Static friction from the ground then pushes you forward. Without friction, your foot would slide and you could not move effectively. The same idea applies to car tires, which rely on friction to accelerate, turn, and brake. So friction is not always a force that slows things down. In many situations, it is essential for controlled movement and stability.",96,done,,,paste ChatGPT explanation here,legacy_60
AI_M07_2,M07,Mechanics,AI,Claude,,Claude Sonnet 4.6,"Explain this physics concept to a first-year college student in 100 words. Be conceptually precise, pedagogically clear, and avoid unnecessary jargon. Include the relevant physical principle and a simple intuitive explanation if helpful.","Friction can help motion because it provides the grip needed to push against a surface. Although friction often opposes sliding, it also prevents unwanted slipping. For example, when you walk, your foot pushes backward on the ground. Static friction from the ground then pushes you forward. Without friction, your foot would slide and you could not move effectively. The same idea applies to car tires, which rely on friction to accelerate, turn, and brake. So friction is not always a force that slows things down. In many situations, it is essential for controlled movement and stability.",96,done,,,paste Claude explanation here,legacy_60
AI_M08_1,M08,Mechanics,AI,ChatGPT,,GPT-5.3 / ChatGPT latest,"Explain this physics concept to a first-year college student in 100 words. Be conceptually precise, pedagogically clear, and avoid unnecessary jargon. Include the relevant physical principle and a simple intuitive explanation if helpful.","A rocket accelerates in space because it pushes mass out of its engines at high speed. According to Newton’s third law, when the rocket pushes exhaust gases backward, the gases push the rocket forward with an equal and opposite force. The rocket does not need air to push against. It only needs to eject mass. This is why rockets work in the vacuum of space. The force comes from the internal combustion and expulsion of fuel, not from interaction with the atmosphere. As long as the rocket continues throwing exhaust backward, it can keep accelerating forward.",96,done,,,paste ChatGPT explanation here,legacy_60
AI_M08_2,M08,Mechanics,AI,Claude,,Claude Sonnet 4.6,"Explain this physics concept to a first-year college student in 100 words. Be conceptually precise, pedagogically clear, and avoid unnecessary jargon. Include the relevant physical principle and a simple intuitive explanation if helpful.","A rocket accelerates in space because it pushes mass out of its engines at high speed. According to Newton’s third law, when the rocket pushes exhaust gases backward, the gases push the rocket forward with an equal and opposite force. The rocket does not need air to push against. It only needs to eject mass. This is why rockets work in the vacuum of space. The force comes from the internal combustion and expulsion of fuel, not from interaction with the atmosphere. As long as the rocket continues throwing exhaust backward, it can keep accelerating forward.",96,done,,,paste Claude explanation here,legacy_60
AI_E01_1,E01,Electricity & Magnetism,AI,ChatGPT,,GPT-5.3 / ChatGPT latest,"Explain this physics concept to a first-year college student in 100 words. Be conceptually precise, pedagogically clear, and avoid unnecessary jargon. Include the relevant physical principle and a simple intuitive explanation if helpful.","Adding resistance reduces current in a simple circuit because resistance makes it harder for electric charges to move through the material. A battery provides a voltage, which acts like a push that drives charges. Current is the rate of charge flow. According to Ohm’s law, current equals voltage divided by resistance. If voltage stays the same and resistance increases, current must decrease. Resistance causes charges to collide more often with atoms in the material, which slows their overall motion. That is why adding a resistor, longer wire, or thinner wire reduces the amount of current flowing in the circuit.",99,done,done,,paste ChatGPT explanation here,legacy_60
AI_E01_2,E01,Electricity & Magnetism,AI,Claude,,Claude Sonnet 4.6,"Explain this physics concept to a first-year college student in 100 words. Be conceptually precise, pedagogically clear, and avoid unnecessary jargon. Include the relevant physical principle and a simple intuitive explanation if helpful.","Adding resistance reduces current in a simple circuit because resistance makes it harder for electric charges to move through the material. A battery provides a voltage, which acts like a push that drives charges. Current is the rate of charge flow. According to Ohm’s law, current equals voltage divided by resistance. If voltage stays the same and resistance increases, current must decrease. Resistance causes charges to collide more often with atoms in the material, which slows their overall motion. That is why adding a resistor, longer wire, or thinner wire reduces the amount of current flowing in the circuit.",99,done,done,,paste Claude explanation here,legacy_60
AI_E02_1,E02,Electricity & Magnetism,AI,ChatGPT,,GPT-5.3 / ChatGPT latest,"Explain this physics concept to a first-year college student in 100 words. Be conceptually precise, pedagogically clear, and avoid unnecessary jargon. Include the relevant physical principle and a simple intuitive explanation if helpful.","A battery eventually runs out because its stored chemical energy is gradually converted into electrical energy. Inside the battery, chemical reactions separate charges and create a voltage difference between the terminals. When the circuit is closed, charges flow and the reactions continue. Over time, the chemicals that drive these reactions are used up or become less effective. As this happens, the battery can no longer maintain the same voltage, so current decreases. A closed circuit allows energy transfer, but it does not mean energy is endlessly recycled. The battery is the energy source, and that source is limited.",98,done,,,paste ChatGPT explanation here,legacy_60
AI_E02_2,E02,Electricity & Magnetism,AI,Claude,,Claude Sonnet 4.6,"Explain this physics concept to a first-year college student in 100 words. Be conceptually precise, pedagogically clear, and avoid unnecessary jargon. Include the relevant physical principle and a simple intuitive explanation if helpful.","A battery eventually runs out because its stored chemical energy is gradually converted into electrical energy. Inside the battery, chemical reactions separate charges and create a voltage difference between the terminals. When the circuit is closed, charges flow and the reactions continue. Over time, the chemicals that drive these reactions are used up or become less effective. As this happens, the battery can no longer maintain the same voltage, so current decreases. A closed circuit allows energy transfer, but it does not mean energy is endlessly recycled. The battery is the energy source, and that source is limited.",98,done,,,paste Claude explanation here,legacy_60
AI_E03_1,E03,Electricity & Magnetism,AI,ChatGPT,,GPT-5.3 / ChatGPT latest,"Explain this physics concept to a first-year college student in 100 words. Be conceptually precise, pedagogically clear, and avoid unnecessary jargon. Include the relevant physical principle and a simple intuitive explanation if helpful.","Touching a charged object sometimes produces a spark because electric charge can suddenly jump through the air. If there is a large enough voltage difference between your body and the object, electrons move quickly to balance the charges. Normally, air acts as an insulator, but a strong electric field can ionize the air, allowing current to flow briefly. That rapid discharge creates light, heat, and the tiny crackling sound of a spark. Dry air makes this more common because charge builds up more easily. The spark is simply the fast release of stored electrical energy between two differently charged objects.",100,done,,,paste ChatGPT explanation here,legacy_60
AI_E03_2,E03,Electricity & Magnetism,AI,Claude,,Claude Sonnet 4.6,"Explain this physics concept to a first-year college student in 100 words. Be conceptually precise, pedagogically clear, and avoid unnecessary jargon. Include the relevant physical principle and a simple intuitive explanation if helpful.","Touching a charged object sometimes produces a spark because electric charge can suddenly jump through the air. If there is a large enough voltage difference between your body and the object, electrons move quickly to balance the charges. Normally, air acts as an insulator, but a strong electric field can ionize the air, allowing current to flow briefly. That rapid discharge creates light, heat, and the tiny crackling sound of a spark. Dry air makes this more common because charge builds up more easily. The spark is simply the fast release of stored electrical energy between two differently charged objects.",100,done,,,paste Claude explanation here,legacy_60
AI_E04_1,E04,Electricity & Magnetism,AI,ChatGPT,,GPT-5.3 / ChatGPT latest,"Explain this physics concept to a first-year college student in 100 words. Be conceptually precise, pedagogically clear, and avoid unnecessary jargon. Include the relevant physical principle and a simple intuitive explanation if helpful.","A compass needle aligns with Earth’s magnetic field because the needle is a small magnet. Magnets experience a torque in a magnetic field that causes them to rotate until they line up with the field direction. Earth acts like a giant magnet, producing a magnetic field that extends through space around it. When the compass is free to rotate, the magnetic forces on its poles make it settle in the north-south direction. The needle is not being pulled north by location alone. Instead, it is responding to the magnetic field at that point on Earth’s surface.",96,done,,,paste ChatGPT explanation here,legacy_60
AI_E04_2,E04,Electricity & Magnetism,AI,Claude,,Claude Sonnet 4.6,"Explain this physics concept to a first-year college student in 100 words. Be conceptually precise, pedagogically clear, and avoid unnecessary jargon. Include the relevant physical principle and a simple intuitive explanation if helpful.","A compass needle aligns with Earth’s magnetic field because the needle is a small magnet. Magnets experience a torque in a magnetic field that causes them to rotate until they line up with the field direction. Earth acts like a giant magnet, producing a magnetic field that extends through space around it. When the compass is free to rotate, the magnetic forces on its poles make it settle in the north-south direction. The needle is not being pulled north by location alone. Instead, it is responding to the magnetic field at that point on Earth’s surface.",96,done,,,paste Claude explanation here,legacy_60
AI_E05_1,E05,Electricity & Magnetism,AI,ChatGPT,,GPT-5.3 / ChatGPT latest,"Explain this physics concept to a first-year college student in 100 words. Be conceptually precise, pedagogically clear, and avoid unnecessary jargon. Include the relevant physical principle and a simple intuitive explanation if helpful.","A changing magnetic field induces current in a wire loop because changing magnetic fields create electric fields. This is described by Faraday’s law. When the magnetic field through a loop changes, the charges in the wire feel a force that makes them move, producing current. The faster the magnetic field changes, the greater the induced current. This principle is used in generators, transformers, and wireless charging. The key idea is that electricity and magnetism are linked. A steady magnetic field alone may do nothing, but a changing one can transfer energy and drive charge flow through the wire.",98,done,,,paste ChatGPT explanation here,legacy_60
AI_E05_2,E05,Electricity & Magnetism,AI,Claude,,Claude Sonnet 4.6,"Explain this physics concept to a first-year college student in 100 words. Be conceptually precise, pedagogically clear, and avoid unnecessary jargon. Include the relevant physical principle and a simple intuitive explanation if helpful.","A changing magnetic field induces current in a wire loop because changing magnetic fields create electric fields. This is described by Faraday’s law. When the magnetic field through a loop changes, the charges in the wire feel a force that makes them move, producing current. The faster the magnetic field changes, the greater the induced current. This principle is used in generators, transformers, and wireless charging. The key idea is that electricity and magnetism are linked. A steady magnetic field alone may do nothing, but a changing one can transfer energy and drive charge flow through the wire.",98,done,,,paste Claude explanation here,legacy_60
AI_E06_1,E06,Electricity & Magnetism,AI,ChatGPT,,GPT-5.3 / ChatGPT latest,"Explain this physics concept to a first-year college student in 100 words. Be conceptually precise, pedagogically clear, and avoid unnecessary jargon. Include the relevant physical principle and a simple intuitive explanation if helpful.","Current is the same everywhere in a series circuit because there is only one path for charges to follow. Charge cannot pile up in one part of the circuit while disappearing in another. In a steady circuit, the same amount of charge that enters each component must leave it. If current were different at different points, charge would build up somewhere, which does not happen in normal operation. You can think of it like water flowing through a single pipe loop: the same amount of water passes every point each second. In a series circuit, all components share the same charge flow rate.",103,done,,,paste ChatGPT explanation here,legacy_60
AI_E06_2,E06,Electricity & Magnetism,AI,Claude,,Claude Sonnet 4.6,"Explain this physics concept to a first-year college student in 100 words. Be conceptually precise, pedagogically clear, and avoid unnecessary jargon. Include the relevant physical principle and a simple intuitive explanation if helpful.","Current is the same everywhere in a series circuit because there is only one path for charges to follow. Charge cannot pile up in one part of the circuit while disappearing in another. In a steady circuit, the same amount of charge that enters each component must leave it. If current were different at different points, charge would build up somewhere, which does not happen in normal operation. You can think of it like water flowing through a single pipe loop: the same amount of water passes every point each second. In a series circuit, all components share the same charge flow rate.",103,done,,,paste Claude explanation here,legacy_60
AI_E07_1,E07,Electricity & Magnetism,AI,ChatGPT,,GPT-5.3 / ChatGPT latest,"Explain this physics concept to a first-year college student in 100 words. Be conceptually precise, pedagogically clear, and avoid unnecessary jargon. Include the relevant physical principle and a simple intuitive explanation if helpful.","Voltage drops across components because electrical energy is transferred from charges to the components. Voltage measures electric potential energy per unit charge. As charges move through a resistor, bulb, or motor, they lose some energy by producing heat, light, or motion. This energy loss appears as a voltage drop. The battery gives charges energy, raising their voltage, and the components use that energy, lowering it. The total voltage supplied by the battery must equal the total voltage lost in the circuit. Voltage drop is simply the amount of energy each charge gives up while passing through a device.",98,done,,,paste ChatGPT explanation here,legacy_60
AI_E07_2,E07,Electricity & Magnetism,AI,Claude,,Claude Sonnet 4.6,"Explain this physics concept to a first-year college student in 100 words. Be conceptually precise, pedagogically clear, and avoid unnecessary jargon. Include the relevant physical principle and a simple intuitive explanation if helpful.","Voltage drops across components because electrical energy is transferred from charges to the components. Voltage measures electric potential energy per unit charge. As charges move through a resistor, bulb, or motor, they lose some energy by producing heat, light, or motion. This energy loss appears as a voltage drop. The battery gives charges energy, raising their voltage, and the components use that energy, lowering it. The total voltage supplied by the battery must equal the total voltage lost in the circuit. Voltage drop is simply the amount of energy each charge gives up while passing through a device.",98,done,,,paste Claude explanation here,legacy_60
AI_E08_1,E08,Electricity & Magnetism,AI,ChatGPT,,GPT-5.3 / ChatGPT latest,"Explain this physics concept to a first-year college student in 100 words. Be conceptually precise, pedagogically clear, and avoid unnecessary jargon. Include the relevant physical principle and a simple intuitive explanation if helpful.","Two neutral objects can still attract each other because charge inside objects can shift. Even if an object has equal positive and negative charges overall, those charges may not be evenly distributed. A charged object nearby can cause the charges in a neutral object to rearrange slightly, a process called polarization. This creates a region of opposite charge closer to the charged object. Since electric force is stronger at shorter distances, the attraction to the closer opposite charges can be greater than the repulsion from farther like charges. As a result, the neutral object is pulled toward the charged one.",100,done,,,paste ChatGPT explanation here,legacy_60
AI_E08_2,E08,Electricity & Magnetism,AI,Claude,,Claude Sonnet 4.6,"Explain this physics concept to a first-year college student in 100 words. Be conceptually precise, pedagogically clear, and avoid unnecessary jargon. Include the relevant physical principle and a simple intuitive explanation if helpful.","Two neutral objects can still attract each other because charge inside objects can shift. Even if an object has equal positive and negative charges overall, those charges may not be evenly distributed. A charged object nearby can cause the charges in a neutral object to rearrange slightly, a process called polarization. This creates a region of opposite charge closer to the charged object. Since electric force is stronger at shorter distances, the attraction to the closer opposite charges can be greater than the repulsion from farther like charges. As a result, the neutral object is pulled toward the charged one.",100,done,,,paste Claude explanation here,legacy_60
AI_T01_1,T01,Energy / Work / Thermo,AI,ChatGPT,,GPT-5.3 / ChatGPT latest,"Explain this physics concept to a first-year college student in 100 words. Be conceptually precise, pedagogically clear, and avoid unnecessary jargon. Include the relevant physical principle and a simple intuitive explanation if helpful.","Work is zero when force is perpendicular to displacement because work depends on the component of force in the direction of motion. The formula for work is force times displacement times the cosine of the angle between them. If the force is perpendicular, the angle is 90 degrees, and cosine of 90 degrees is zero. That means the force does not transfer energy into or out of the object’s motion along its path. For example, in uniform circular motion, the centripetal force points inward while motion is tangent to the circle, so the centripetal force does no work.",98,done,done,,paste ChatGPT explanation here,legacy_60
AI_T01_2,T01,Energy / Work / Thermo,AI,Claude,,Claude Sonnet 4.6,"Explain this physics concept to a first-year college student in 100 words. Be conceptually precise, pedagogically clear, and avoid unnecessary jargon. Include the relevant physical principle and a simple intuitive explanation if helpful.","Work is zero when force is perpendicular to displacement because work depends on the component of force in the direction of motion. The formula for work is force times displacement times the cosine of the angle between them. If the force is perpendicular, the angle is 90 degrees, and cosine of 90 degrees is zero. That means the force does not transfer energy into or out of the object’s motion along its path. For example, in uniform circular motion, the centripetal force points inward while motion is tangent to the circle, so the centripetal force does no work.",98,done,done,,paste Claude explanation here,legacy_60
AI_T02_1,T02,Energy / Work / Thermo,AI,ChatGPT,,GPT-5.3 / ChatGPT latest,"Explain this physics concept to a first-year college student in 100 words. Be conceptually precise, pedagogically clear, and avoid unnecessary jargon. Include the relevant physical principle and a simple intuitive explanation if helpful.","Rubbing your hands together makes them feel warmer because friction converts mechanical energy into thermal energy. As your hands slide against each other, the microscopic bumps and irregularities on your skin interact. This causes tiny collisions and resistance at the surface. The energy from your motion is transformed into random molecular motion, which is what we experience as heat. The faster and harder you rub, the more energy is converted and the warmer your hands feel. This is a direct example of energy changing form: motion energy from your muscles becomes heat through friction between surfaces.",96,done,,,paste ChatGPT explanation here,legacy_60
AI_T02_2,T02,Energy / Work / Thermo,AI,Claude,,Claude Sonnet 4.6,"Explain this physics concept to a first-year college student in 100 words. Be conceptually precise, pedagogically clear, and avoid unnecessary jargon. Include the relevant physical principle and a simple intuitive explanation if helpful.","Rubbing your hands together makes them feel warmer because friction converts mechanical energy into thermal energy. As your hands slide against each other, the microscopic bumps and irregularities on your skin interact. This causes tiny collisions and resistance at the surface. The energy from your motion is transformed into random molecular motion, which is what we experience as heat. The faster and harder you rub, the more energy is converted and the warmer your hands feel. This is a direct example of energy changing form: motion energy from your muscles becomes heat through friction between surfaces.",96,done,,,paste Claude explanation here,legacy_60
AI_T03_1,T03,Energy / Work / Thermo,AI,ChatGPT,,GPT-5.3 / ChatGPT latest,"Explain this physics concept to a first-year college student in 100 words. Be conceptually precise, pedagogically clear, and avoid unnecessary jargon. Include the relevant physical principle and a simple intuitive explanation if helpful.","Increasing temperature raises pressure in a sealed gas container because temperature measures the average kinetic energy of gas particles. When the gas is heated, the particles move faster. In a sealed container, the volume stays constant, so the particles cannot spread out more. Instead, they collide with the container walls more often and with greater force. Pressure is caused by these collisions. More frequent and stronger collisions mean higher pressure. This is why aerosol cans warn against heat: warming the gas inside raises pressure, which can become dangerous if the container cannot withstand the increased force.",96,done,,,paste ChatGPT explanation here,legacy_60
AI_T03_2,T03,Energy / Work / Thermo,AI,Claude,,Claude Sonnet 4.6,"Explain this physics concept to a first-year college student in 100 words. Be conceptually precise, pedagogically clear, and avoid unnecessary jargon. Include the relevant physical principle and a simple intuitive explanation if helpful.","Increasing temperature raises pressure in a sealed gas container because temperature measures the average kinetic energy of gas particles. When the gas is heated, the particles move faster. In a sealed container, the volume stays constant, so the particles cannot spread out more. Instead, they collide with the container walls more often and with greater force. Pressure is caused by these collisions. More frequent and stronger collisions mean higher pressure. This is why aerosol cans warn against heat: warming the gas inside raises pressure, which can become dangerous if the container cannot withstand the increased force.",96,done,,,paste Claude explanation here,legacy_60
AI_T04_1,T04,Energy / Work / Thermo,AI,ChatGPT,,GPT-5.3 / ChatGPT latest,"Explain this physics concept to a first-year college student in 100 words. Be conceptually precise, pedagogically clear, and avoid unnecessary jargon. Include the relevant physical principle and a simple intuitive explanation if helpful.","A hot drink cools down faster at first because the rate of heat transfer depends on the temperature difference between the drink and its surroundings. When the drink is very hot, the difference is large, so heat flows out quickly through conduction, convection, and radiation. As the drink cools, the temperature difference becomes smaller, so heat transfer slows down. This is why the first few minutes cause the biggest temperature drop. The cooling process naturally becomes slower over time. In simple terms, the farther the drink is from room temperature, the faster it loses heat.",95,done,,,paste ChatGPT explanation here,legacy_60
AI_T04_2,T04,Energy / Work / Thermo,AI,Claude,,Claude Sonnet 4.6,"Explain this physics concept to a first-year college student in 100 words. Be conceptually precise, pedagogically clear, and avoid unnecessary jargon. Include the relevant physical principle and a simple intuitive explanation if helpful.","A hot drink cools down faster at first because the rate of heat transfer depends on the temperature difference between the drink and its surroundings. When the drink is very hot, the difference is large, so heat flows out quickly through conduction, convection, and radiation. As the drink cools, the temperature difference becomes smaller, so heat transfer slows down. This is why the first few minutes cause the biggest temperature drop. The cooling process naturally becomes slower over time. In simple terms, the farther the drink is from room temperature, the faster it loses heat.",95,done,,,paste Claude explanation here,legacy_60
H_P21_01,P21,Mechanics,human,OpenStax College Physics 2e 6.2,https://openstax.org/books/college-physics-2e/pages/6-2-centripetal-acceleration,,,"An object in uniform circular motion can have constant speed but still accelerate because velocity is a vector with both magnitude and direction. In circular motion, the direction of velocity changes continuously, so velocity changes even when speed does not. Acceleration measures that change in velocity, so it is nonzero and points toward the center of the circle. Its magnitude is a_c = v^2/r (or r*omega^2). A tighter turn (smaller r) or higher speed increases this inward acceleration.",78,done,done,,Paraphrased from cited section; beginner-facing,expansion_30
H_P22_01,P22,Electricity & Magnetism,human,OpenStax Physics 19.1,https://openstax.org/books/physics/pages/19-1-ohms-law,,,"At fixed voltage, current and resistance are linked by Ohm's law, I = V/R. If V stays the same and R increases, I must decrease. Physically, higher resistance means charge carriers face more opposition as they move through the material, so less charge passes a point each second. So increasing resistance lowers current in a simple circuit unless voltage is changed to compensate.",63,done,,,Paraphrased from cited section; beginner-facing,expansion_30
H_P23_01,P23,Energy / Work / Thermo,human,OpenStax University Physics Vol 1 7.1,https://openstax.org/books/university-physics-volume-1/pages/7-1-work,,,"Work by a constant force is W = F d cos(theta), where theta is the angle between force and displacement. If force is perpendicular to displacement, theta = 90 degrees and cos(90) = 0, so W = 0. That means the force can change direction of motion without transferring energy through work in that direction. A common example is carrying a bag horizontally at constant height: your upward force is perpendicular to your horizontal displacement, so your force does no mechanical work on the bag along the path.",88,done,,,Paraphrased from cited section; beginner-facing,expansion_30
H_P24_01,P24,Energy / Work / Thermo,human,OpenStax College Physics 2e 13.3,https://openstax.org/books/college-physics-2e/pages/13-3-the-ideal-gas-law,,,"For a fixed amount of gas in a rigid sealed container, volume and particle number are constant. From the ideal gas law, P V = N k T, pressure is proportional to absolute temperature when V and N are fixed. So when temperature rises, pressure rises. Microscopically, hotter gas particles move faster and collide with container walls more frequently and with greater momentum change, which increases pressure.",67,done,,,Paraphrased from cited section; beginner-facing,expansion_30
H_P25_01,P25,Electricity & Magnetism,human,OpenStax College Physics 23.2,https://openstax.org/books/college-physics/pages/23-2-faradays-law-of-induction-lenzs-law,,,"Faraday's law says a changing magnetic flux induces an emf. The minus sign in Faraday's law expresses Lenz's law: the induced current flows in a direction that opposes the change in flux that created it. This opposition is a consistency condition with energy conservation. If induced current reinforced the original change, flux would grow without extra work. Instead, induced effects resist the change, so external work is required to keep changing the field.",73,done,done,,Paraphrased from cited section; beginner-facing,expansion_30
H_P26_01,P26,Mechanics,human,OpenStax Physics 8.2,https://openstax.org/books/physics/pages/8-2-conservation-of-momentum,,,"Momentum is conserved for a system when net external impulse is negligible. During a collision, objects exert internal forces on each other that are equal and opposite, so these internal effects cancel at the system level. As a result, total momentum before and after the collision is the same, even though individual object momenta can change a lot. Kinetic energy may or may not be conserved depending on whether the collision is elastic.",73,done,,,Paraphrased from cited section; beginner-facing,expansion_30
H_P27_01,P27,Mechanics,human,OpenStax Physics 4.3,https://openstax.org/books/physics/pages/4-3-newtons-second-law-of-motion,,,"Newton's second law states that net force equals mass times acceleration: F_net = m a. This means acceleration points in the direction of net force, grows when net force grows, and shrinks when mass grows for the same force. So a larger net force causes a larger acceleration, while a more massive object requires more force to get the same acceleration. The law quantitatively links cause (net force) to motion change (acceleration).",72,done,,,"""Paraphrased from cited section; beginner-facing""",expansion_30
H_P28_01,P28,Energy / Work / Thermo,human,OpenStax Physics 9.2,https://openstax.org/books/physics/pages/9-2-mechanical-energy-and-conservation-of-energy,,,"Mechanical energy is the sum of kinetic and potential energy. In an ideal system with negligible nonconservative work (like friction), total mechanical energy stays constant while energy shifts between forms. For example, as an object moves downhill, gravitational potential energy decreases and kinetic energy increases by the same amount. Moving uphill reverses the transfer. So K and U can change significantly while K + U remains constant.",67,done,,,Paraphrased from cited section; beginner-facing,expansion_30
H_P29_01,P29,Energy / Work / Thermo,human,OpenStax Physics 14.1,https://openstax.org/books/physics/pages/14-1-speed-of-sound-frequency-and-wavelength,,,"Wave speed, frequency, and wavelength satisfy v = f lambda. In one medium, speed is set mainly by medium properties, so if frequency increases then wavelength must decrease to keep v the same. Frequency is set by the source, while wavelength adjusts in response to speed in that medium. This is why high-frequency sound has shorter wavelength than low-frequency sound when both travel through the same air.",67,done,done,,Paraphrased from cited section; beginner-facing,expansion_30
H_P30_01,P30,Electricity & Magnetism,human,OpenStax College Physics 2e 22.5,https://openstax.org/books/college-physics-2e/pages/22-5-force-on-a-moving-charge-in-a-magnetic-field-examples-and-applications,,,"A magnetic field exerts force on a moving charge with magnitude F = q v B sin(theta), perpendicular to both velocity and magnetic field. Because the magnetic force is perpendicular to motion, it changes direction of velocity more than speed. With v perpendicular to B in a uniform field, the path is circular; with a component parallel to B, the path is helical. So magnetic fields steer charged particles and can confine them into curved trajectories.",76,done,,,Paraphrased from cited section; beginner-facing,expansion_30
AI_P21_1,P21,Mechanics,AI,ChatGPT,,openai/gpt-5.3-chat,"Explain this physics concept to a first-year college student in about 100 words. Be conceptually precise, pedagogically clear, and avoid unnecessary jargon. Include the relevant physical principle and one intuitive bridge/example if helpful. Return only one plain paragraph with no title and no bullet points.

Question: Why does an object moving at constant speed in a circle still have acceleration?","Acceleration is the rate of change of velocity, and velocity includes both speed and direction. In circular motion, even if the speed stays constant, the direction of motion is continuously changing, so the velocity is changing. This means there is an acceleration, called centripetal acceleration, which always points toward the center of the circle. The relevant principle is that any change in velocity requires a net force (Newton’s second law). For example, when a car turns at constant speed, you feel pushed sideways because your direction is changing, indicating an inward acceleration toward the center of the turn.",98,done,done,,auto-generated via OpenRouter,expansion_30
AI_P21_2,P21,Mechanics,AI,Claude,,anthropic/claude-sonnet-4.6,"Explain this physics concept to a first-year college student in about 100 words. Be conceptually precise, pedagogically clear, and avoid unnecessary jargon. Include the relevant physical principle and one intuitive bridge/example if helpful. Return only one plain paragraph with no title and no bullet points.

Question: Why does an object moving at constant speed in a circle still have acceleration?","Acceleration is defined as any change in velocity, and velocity is a vector, meaning it has both magnitude and direction. Even if your speed stays constant around a circle, your direction of motion is continuously changing, so your velocity vector is constantly changing. That change in velocity per unit time is acceleration, called centripetal acceleration, always pointing toward the center of the circle. Think of swinging a ball on a string: the string pulls the ball inward, constantly redirecting it without speeding it up. Without that inward pull, the ball would fly off in a straight line, as Newton's first law predicts.",102,done,done,,auto-generated via OpenRouter,expansion_30
AI_P22_1,P22,Electricity & Magnetism,AI,ChatGPT,,openai/gpt-5.3-chat,"Explain this physics concept to a first-year college student in about 100 words. Be conceptually precise, pedagogically clear, and avoid unnecessary jargon. Include the relevant physical principle and one intuitive bridge/example if helpful. Return only one plain paragraph with no title and no bullet points.

Question: At fixed voltage, why does increasing resistance reduce current in a simple circuit?","At fixed voltage, the relationship between current and resistance is given by Ohm’s law: I = V / R. Voltage is the “push” driving charges through a circuit, while resistance measures how strongly the material opposes that motion. If the voltage stays the same and resistance increases, the denominator in the equation grows, so the current must decrease. Microscopically, higher resistance means charge carriers (like electrons) collide more often with atoms, losing momentum and moving more slowly on average. An intuitive analogy is water flowing through a pipe: if you narrow or roughen the pipe (increase resistance), less water flows for the same pressure.",104,done,,,auto-generated via OpenRouter,expansion_30
AI_P22_2,P22,Electricity & Magnetism,AI,Claude,,anthropic/claude-sonnet-4.6,"Explain this physics concept to a first-year college student in about 100 words. Be conceptually precise, pedagogically clear, and avoid unnecessary jargon. Include the relevant physical principle and one intuitive bridge/example if helpful. Return only one plain paragraph with no title and no bullet points.

Question: At fixed voltage, why does increasing resistance reduce current in a simple circuit?","Voltage is the electrical ""pressure"" that pushes charges through a circuit, while resistance is how much the circuit opposes that flow. Ohm's Law states that current equals voltage divided by resistance (I = V/R). Think of water flowing through a pipe: voltage is the water pressure, and resistance is how narrow the pipe is. If you squeeze the pipe tighter while keeping the pressure the same, less water flows through. Similarly, when resistance increases at fixed voltage, there is greater opposition to charge movement, so fewer charges pass any point per second — meaning current decreases proportionally.",97,done,,,auto-generated via OpenRouter,expansion_30
AI_P23_1,P23,Energy / Work / Thermo,AI,ChatGPT,,openai/gpt-5.3-chat,"Explain this physics concept to a first-year college student in about 100 words. Be conceptually precise, pedagogically clear, and avoid unnecessary jargon. Include the relevant physical principle and one intuitive bridge/example if helpful. Return only one plain paragraph with no title and no bullet points.

Question: Why is work done by a force zero when the force is perpendicular to displacement?","Work is defined as the dot product of force and displacement, \( W = \vec{F} \cdot \vec{d} = F d \cos\theta \). The key is the cosine term: it picks out the component of the force along the direction of motion. If the force is perpendicular to the displacement, then \(\theta = 90^\circ\) and \(\cos 90^\circ = 0\), so no work is done. Physically, this means the force changes the object’s direction but not its speed or energy. A classic example is uniform circular motion: the centripetal force always points inward, perpendicular to the velocity, so it continuously redirects the motion without adding or removing energy.",106,done,,,auto-generated via OpenRouter,expansion_30
AI_P23_2,P23,Energy / Work / Thermo,AI,Claude,,anthropic/claude-sonnet-4.6,"Explain this physics concept to a first-year college student in about 100 words. Be conceptually precise, pedagogically clear, and avoid unnecessary jargon. Include the relevant physical principle and one intuitive bridge/example if helpful. Return only one plain paragraph with no title and no bullet points.

Question: Why is work done by a force zero when the force is perpendicular to displacement?","Work is defined as the transfer of energy from a force into the motion of an object along a specific direction. Mathematically, work equals force times displacement times the cosine of the angle between them. When a force is perpendicular to displacement, that angle is 90°, and cosine of 90° is zero, so no work is done. Physically, this means the force has no component pointing along the direction of motion, so it cannot speed up or slow down the object — it cannot transfer energy into or out of that motion. A classic example is a satellite orbiting Earth: gravity pulls inward while the satellite moves tangentially, so gravity does zero work and the satellite's speed remains constant.",119,done,,,auto-generated via OpenRouter,expansion_30
AI_P24_1,P24,Energy / Work / Thermo,AI,ChatGPT,,openai/gpt-5.3-chat,"Explain this physics concept to a first-year college student in about 100 words. Be conceptually precise, pedagogically clear, and avoid unnecessary jargon. Include the relevant physical principle and one intuitive bridge/example if helpful. Return only one plain paragraph with no title and no bullet points.

Question: In a sealed rigid container, why does pressure increase when temperature increases?","In a sealed rigid container, the volume and number of particles stay constant, so increasing temperature means increasing the average kinetic energy of the gas molecules (from kinetic theory). Faster molecules collide with the container walls more frequently and with greater force, which raises the pressure. This is captured by the ideal gas law \(P \propto T\) when volume and particle number are fixed. Intuitively, imagine ping-pong balls bouncing inside a box: if they suddenly move faster, they hit the walls harder and more often, so the force on the walls—and thus the pressure—increases.",94,done,,,auto-generated via OpenRouter,expansion_30
AI_P24_2,P24,Energy / Work / Thermo,AI,Claude,,anthropic/claude-sonnet-4.6,"Explain this physics concept to a first-year college student in about 100 words. Be conceptually precise, pedagogically clear, and avoid unnecessary jargon. Include the relevant physical principle and one intuitive bridge/example if helpful. Return only one plain paragraph with no title and no bullet points.

Question: In a sealed rigid container, why does pressure increase when temperature increases?","When you heat a gas, you add energy to its molecules, causing them to move faster. Pressure is created by molecules constantly colliding with the container walls — each collision delivers a tiny push. When molecules move faster, two things happen: they hit the walls more frequently, and each individual collision transfers more force. Since the container is rigid and sealed, the volume cannot expand and the number of molecules stays fixed, so all that extra molecular energy goes directly into harder and more frequent wall collisions. Think of it like a crowd in a room getting increasingly agitated — the more energetically people bounce around, the harder they push against the walls. This relationship is captured by Gay-Lussac's Law: at constant volume, pressure is directly proportional to absolute temperature.",130,done,,,auto-generated via OpenRouter,expansion_30
AI_P25_1,P25,Electricity & Magnetism,AI,ChatGPT,,openai/gpt-5.3-chat,"Explain this physics concept to a first-year college student in about 100 words. Be conceptually precise, pedagogically clear, and avoid unnecessary jargon. Include the relevant physical principle and one intuitive bridge/example if helpful. Return only one plain paragraph with no title and no bullet points.

Question: Why does the induced current oppose the change in magnetic flux in electromagnetic induction?","When magnetic flux through a loop changes, an induced current appears whose direction opposes that change—this is Lenz’s law. The deeper reason is conservation of energy: if the induced current reinforced the change, the system would amplify itself without any external work, creating energy from nothing. Instead, the induced current produces its own magnetic field that resists the change, so an external agent must do work to alter the flux. For example, pushing a magnet toward a conducting loop induces a current whose magnetic field repels the magnet, making it feel harder to push—your mechanical work becomes electrical energy.",99,done,done,,auto-generated via OpenRouter,expansion_30
AI_P25_2,P25,Electricity & Magnetism,AI,Claude,,anthropic/claude-sonnet-4.6,"Explain this physics concept to a first-year college student in about 100 words. Be conceptually precise, pedagogically clear, and avoid unnecessary jargon. Include the relevant physical principle and one intuitive bridge/example if helpful. Return only one plain paragraph with no title and no bullet points.

Question: Why does the induced current oppose the change in magnetic flux in electromagnetic induction?","When a magnetic flux through a conducting loop changes, the loop responds by driving a current that creates its own magnetic field to resist that change — this is Faraday's law combined with Lenz's law. The deeper reason is energy conservation: if the induced current reinforced the change instead of opposing it, the growing magnetic field would induce a stronger current, which would grow the field further, generating energy from nothing, violating conservation of energy. Think of it like mechanical inertia — just as a stationary object resists being pushed, a stable magnetic flux resists being disturbed. Nature always pushes back against the disturbance, never amplifying it freely.",108,done,done,,auto-generated via OpenRouter,expansion_30
AI_P26_1,P26,Mechanics,AI,ChatGPT,,openai/gpt-5.3-chat,"Explain this physics concept to a first-year college student in about 100 words. Be conceptually precise, pedagogically clear, and avoid unnecessary jargon. Include the relevant physical principle and one intuitive bridge/example if helpful. Return only one plain paragraph with no title and no bullet points.

Question: Why is total momentum conserved in collisions when external forces are negligible?","Total momentum is conserved in collisions because of Newton’s third law and the absence of significant external forces. During a collision, the forces the objects exert on each other are equal in magnitude and opposite in direction, so the impulse (force × time) each object experiences is equal and opposite. This means any momentum lost by one object is exactly gained by the other, leaving the total unchanged. If no external forces act on the system, there’s nothing to add or remove momentum overall. A simple example is two ice skaters pushing off each other: they move apart, but their combined momentum remains zero if they started at rest.",109,done,,,auto-generated via OpenRouter,expansion_30
AI_P26_2,P26,Mechanics,AI,Claude,,anthropic/claude-sonnet-4.6,"Explain this physics concept to a first-year college student in about 100 words. Be conceptually precise, pedagogically clear, and avoid unnecessary jargon. Include the relevant physical principle and one intuitive bridge/example if helpful. Return only one plain paragraph with no title and no bullet points.

Question: Why is total momentum conserved in collisions when external forces are negligible?","Newton's third law tells us that whenever two objects interact, they exert equal and opposite forces on each other. During a collision, object A pushes on object B with exactly the force that B pushes back on A, just in the opposite direction. Since momentum change equals force multiplied by time, these paired forces act for the same duration, so whatever momentum one object gains, the other loses by precisely that amount. The total momentum of the system therefore stays constant. Think of two skaters pushing off each other on frictionless ice: one glides left, the other right, but their combined momentum remains zero throughout.",105,done,,,auto-generated via OpenRouter,expansion_30
AI_P27_1,P27,Mechanics,AI,ChatGPT,,openai/gpt-5.3-chat,"Explain this physics concept to a first-year college student in about 100 words. Be conceptually precise, pedagogically clear, and avoid unnecessary jargon. Include the relevant physical principle and one intuitive bridge/example if helpful. Return only one plain paragraph with no title and no bullet points.

Question: How does Newton's second law explain the relationship between net force, mass, and acceleration?","Newton’s second law states that the net force acting on an object equals its mass times its acceleration (F = ma). This means acceleration depends on both how strong the overall (net) force is and how much mass the object has. For a given mass, a larger net force produces a larger acceleration; for a given force, a larger mass produces a smaller acceleration. The key idea is that forces don’t just cause motion—they change motion. For example, pushing an empty shopping cart makes it speed up quickly, but the same push on a full cart leads to a much smaller acceleration because its mass is greater.",107,done,,,auto-generated via OpenRouter,expansion_30
AI_P27_2,P27,Mechanics,AI,Claude,,anthropic/claude-sonnet-4.6,"Explain this physics concept to a first-year college student in about 100 words. Be conceptually precise, pedagogically clear, and avoid unnecessary jargon. Include the relevant physical principle and one intuitive bridge/example if helpful. Return only one plain paragraph with no title and no bullet points.

Question: How does Newton's second law explain the relationship between net force, mass, and acceleration?","Newton's second law states that the net force acting on an object equals its mass multiplied by its acceleration: F = ma. This means acceleration is directly proportional to net force — push harder, and the object speeds up faster. It also means acceleration is inversely proportional to mass — a heavier object is harder to accelerate with the same force. Think of pushing a shopping cart: an empty cart accelerates easily with a small push, but a full cart requires much more force to achieve the same acceleration. The key insight is that force doesn't determine speed directly; it determines how quickly velocity changes.",105,done,,,auto-generated via OpenRouter,expansion_30
AI_P28_1,P28,Energy / Work / Thermo,AI,ChatGPT,,openai/gpt-5.3-chat,"Explain this physics concept to a first-year college student in about 100 words. Be conceptually precise, pedagogically clear, and avoid unnecessary jargon. Include the relevant physical principle and one intuitive bridge/example if helpful. Return only one plain paragraph with no title and no bullet points.

Question: How can kinetic and potential energy change while total mechanical energy remains constant?","In a system where only conservative forces (like gravity or a spring) do work, energy can shift between kinetic energy (motion) and potential energy (stored due to position or configuration) without changing the total mechanical energy. The key principle is conservation of mechanical energy: energy isn’t lost, just transformed. For example, when you toss a ball upward, it slows down as kinetic energy decreases, but its gravitational potential energy increases by exactly the same amount. At the top, kinetic energy is minimal and potential is maximal; on the way down, the process reverses. Ignoring friction or air resistance, the sum of the two energies stays constant.",106,done,,,auto-generated via OpenRouter,expansion_30
AI_P28_2,P28,Energy / Work / Thermo,AI,Claude,,anthropic/claude-sonnet-4.6,"Explain this physics concept to a first-year college student in about 100 words. Be conceptually precise, pedagogically clear, and avoid unnecessary jargon. Include the relevant physical principle and one intuitive bridge/example if helpful. Return only one plain paragraph with no title and no bullet points.

Question: How can kinetic and potential energy change while total mechanical energy remains constant?","In an isolated system with no friction or other non-conservative forces doing work, the total mechanical energy — the sum of kinetic and potential energy — stays fixed because energy simply converts between the two forms rather than disappearing. As an object gains speed, its kinetic energy rises while its potential energy drops by exactly the same amount, and vice versa. Think of a swinging pendulum: at the bottom of its arc it moves fastest and has maximum kinetic energy, while at the top of each swing it momentarily stops and holds maximum potential energy. The total never changes — energy just shifts form continuously.",105,done,,,auto-generated via OpenRouter,expansion_30
AI_P29_1,P29,Energy / Work / Thermo,AI,ChatGPT,,openai/gpt-5.3-chat,"Explain this physics concept to a first-year college student in about 100 words. Be conceptually precise, pedagogically clear, and avoid unnecessary jargon. Include the relevant physical principle and one intuitive bridge/example if helpful. Return only one plain paragraph with no title and no bullet points.

Question: How are wave speed, frequency, and wavelength related, and what changes when frequency increases in one medium?","Wave speed, frequency, and wavelength are linked by the equation v = fλ, where v is wave speed, f is frequency, and λ is wavelength. In a given medium, the wave speed is usually fixed by the medium’s properties, so frequency and wavelength must adjust to keep their product constant. If the frequency increases, the wavelength decreases proportionally. For example, if you shake a rope faster, the ripples become more closely spaced rather than moving faster along the rope. The key principle is that the medium sets the speed, so changes in frequency are balanced by opposite changes in wavelength.",100,done,done,,auto-generated via OpenRouter,expansion_30
AI_P29_2,P29,Energy / Work / Thermo,AI,Claude,,anthropic/claude-sonnet-4.6,"Explain this physics concept to a first-year college student in about 100 words. Be conceptually precise, pedagogically clear, and avoid unnecessary jargon. Include the relevant physical principle and one intuitive bridge/example if helpful. Return only one plain paragraph with no title and no bullet points.

Question: How are wave speed, frequency, and wavelength related, and what changes when frequency increases in one medium?","All waves obey the relationship v = fλ, where v is wave speed, f is frequency, and λ is wavelength. In a given medium, the wave speed is fixed by the physical properties of that medium — for example, sound travels at roughly 343 m/s in air regardless of the source. This means if you increase the frequency, the wavelength must decrease proportionally to keep the speed constant. Think of a jump rope being shaken faster: the waves come more frequently, but each individual wave crest is shorter, while the speed at which disturbances travel along the rope stays the same.",101,done,done,,auto-generated via OpenRouter,expansion_30
AI_P30_1,P30,Electricity & Magnetism,AI,ChatGPT,,openai/gpt-5.3-chat,"Explain this physics concept to a first-year college student in about 100 words. Be conceptually precise, pedagogically clear, and avoid unnecessary jargon. Include the relevant physical principle and one intuitive bridge/example if helpful. Return only one plain paragraph with no title and no bullet points.

Question: How does a magnetic field change the motion of a moving charged particle?","A magnetic field changes a moving charged particle’s motion through the Lorentz force, which acts perpendicular to both the particle’s velocity and the magnetic field. Because the force is always sideways rather than along the direction of motion, it does not speed the particle up or slow it down; instead, it bends its path. If the velocity is fully perpendicular to the field, the particle moves in a circle; if there is also motion along the field, the path becomes a helix. A helpful analogy is a ball tied to a string: the tension (like the magnetic force) continuously pulls sideways, curving the motion without changing its speed.",108,done,,,auto-generated via OpenRouter,expansion_30
AI_P30_2,P30,Electricity & Magnetism,AI,Claude,,anthropic/claude-sonnet-4.6,"Explain this physics concept to a first-year college student in about 100 words. Be conceptually precise, pedagogically clear, and avoid unnecessary jargon. Include the relevant physical principle and one intuitive bridge/example if helpful. Return only one plain paragraph with no title and no bullet points.

Question: How does a magnetic field change the motion of a moving charged particle?","A magnetic field exerts a force on a moving charged particle, but this force always points perpendicular to both the particle's velocity and the magnetic field direction — described by the equation **F = qv × B**. Because the force is always sideways to the motion, it never speeds the particle up or slows it down; it only continuously redirects it. This causes the particle to curve into a circular or helical path rather than a straight one. Think of it like a ball on a string: the string pulls sideways, keeping the ball spinning in a circle without changing its speed. No work is done.",106,done,,,auto-generated via OpenRouter,expansion_30
